{
  "variable": "100m_u_component_of_wind",
  "min": -43.421634674072266,
  "max": 33.655330657958984
}