{
  "variable": "100m_v_component_of_wind",
  "min": -36.48587417602539,
  "max": 37.410614013671875
}