{
  "variable": "2m_dewpoint_temperature",
  "min": 189.705810546875,
  "max": 304.4642639160156
}