{
  "variable": "mslp",
  "min": 92088.4609375,
  "max": 106634.7578125
}