{
  "variable": "q_100",
  "min": -2.7978865546174347e-05,
  "max": 1.5163209354795981e-05
}