{
  "variable": "q_1000",
  "min": 1.011105837278592e-06,
  "max": 0.029247978702187538
}