{
  "variable": "q_150",
  "min": -1.006603633868508e-05,
  "max": 5.154224345460534e-05
}