{
  "variable": "q_200",
  "min": -4.71404064228409e-06,
  "max": 0.00031504943035542965
}