{
  "variable": "q_250",
  "min": -8.689760875313368e-07,
  "max": 0.000968983571510762
}