{
  "variable": "q_300",
  "min": 9.153348514701065e-07,
  "max": 0.0021743124816566706
}