{
  "variable": "q_400",
  "min": -8.194571705644194e-07,
  "max": 0.005457032006233931
}