{
  "variable": "q_50",
  "min": 3.578212215415988e-07,
  "max": 3.733661287697032e-06
}