{
  "variable": "q_500",
  "min": 5.906719593440357e-07,
  "max": 0.008704188279807568
}