{
  "variable": "q_600",
  "min": 1.2053448017468327e-06,
  "max": 0.012189801782369614
}