{
  "variable": "q_700",
  "min": 1.0418394822409027e-06,
  "max": 0.014733499847352505
}