{
  "variable": "q_850",
  "min": 9.83787117547763e-07,
  "max": 0.020863203331828117
}