{
  "variable": "q_925",
  "min": 1.026627955980075e-06,
  "max": 0.02168949879705906
}