{
  "variable": "sp",
  "min": 47918.80859375,
  "max": 105976.6796875
}