{
  "variable": "t2m",
  "min": 193.2805938720703,
  "max": 318.2167053222656
}