{
  "variable": "t_100",
  "min": 177.53599548339844,
  "max": 241.20188903808594
}