{
  "variable": "t_1000",
  "min": 219.9086456298828,
  "max": 321.4288024902344
}