{
  "variable": "t_150",
  "min": 181.7698211669922,
  "max": 237.8618927001953
}