{
  "variable": "t_200",
  "min": 188.3051300048828,
  "max": 240.5757598876953
}