{
  "variable": "t_250",
  "min": 194.67547607421875,
  "max": 244.779296875
}