{
  "variable": "t_300",
  "min": 201.167236328125,
  "max": 254.28582763671875
}