{
  "variable": "t_400",
  "min": 212.0174102783203,
  "max": 267.3334655761719
}