{
  "variable": "t_50",
  "min": 176.76348876953125,
  "max": 249.35931396484375
}