{
  "variable": "t_500",
  "min": 217.95533752441406,
  "max": 278.6954345703125
}