{
  "variable": "t_600",
  "min": 200.57305908203125,
  "max": 289.0508117675781
}