{
  "variable": "t_700",
  "min": 208.56512451171875,
  "max": 298.914794921875
}