{
  "variable": "t_850",
  "min": 216.3818817138672,
  "max": 310.7784118652344
}