{
  "variable": "t_925",
  "min": 219.87933349609375,
  "max": 316.6001892089844
}