{
  "variable": "tcwv",
  "min": 0.05031506344676018,
  "max": 85.4554214477539
}