{
  "variable": "total_precipitation",
  "min": -3.725290298461914e-09,
  "max": 0.022931186482310295
}