{
  "variable": "u10",
  "min": -33.371585845947266,
  "max": 27.689897537231445
}