{
  "variable": "u_100",
  "min": -55.488372802734375,
  "max": 77.26880645751953
}