{
  "variable": "u_1000",
  "min": -33.299076080322266,
  "max": 27.5617618560791
}