{
  "variable": "u_150",
  "min": -54.431640625,
  "max": 93.19441986083984
}