{
  "variable": "u_200",
  "min": -49.25982666015625,
  "max": 107.65592193603516
}