{
  "variable": "u_250",
  "min": -60.08555221557617,
  "max": 109.49969482421875
}