{
  "variable": "u_300",
  "min": -63.08908462524414,
  "max": 105.21834564208984
}