{
  "variable": "u_400",
  "min": -53.78242492675781,
  "max": 93.09609985351562
}