{
  "variable": "u_50",
  "min": -58.3068962097168,
  "max": 94.1919174194336
}