{
  "variable": "u_500",
  "min": -46.17020797729492,
  "max": 74.27909851074219
}