{
  "variable": "u_600",
  "min": -46.28634262084961,
  "max": 57.81338119506836
}