{
  "variable": "u_700",
  "min": -48.986446380615234,
  "max": 47.05446243286133
}