{
  "variable": "u_850",
  "min": -49.0422248840332,
  "max": 42.66665267944336
}