{
  "variable": "u_925",
  "min": -49.05812454223633,
  "max": 41.395233154296875
}