{
  "variable": "v10",
  "min": -27.35422706604004,
  "max": 29.624412536621094
}