{
  "variable": "v_100",
  "min": -47.51261520385742,
  "max": 50.720611572265625
}