{
  "variable": "v_1000",
  "min": -28.869672775268555,
  "max": 29.57029151916504
}