{
  "variable": "v_150",
  "min": -65.52179718017578,
  "max": 56.97182846069336
}