{
  "variable": "v_200",
  "min": -76.62056732177734,
  "max": 77.1992416381836
}