{
  "variable": "v_250",
  "min": -81.43103790283203,
  "max": 88.23177337646484
}