{
  "variable": "v_300",
  "min": -77.16358184814453,
  "max": 89.08099365234375
}