{
  "variable": "v_400",
  "min": -70.17467498779297,
  "max": 76.77351379394531
}