{
  "variable": "v_50",
  "min": -67.62545013427734,
  "max": 71.6239013671875
}