{
  "variable": "v_500",
  "min": -57.17058181762695,
  "max": 58.89366149902344
}