{
  "variable": "v_600",
  "min": -47.76261901855469,
  "max": 45.90538024902344
}