{
  "variable": "v_700",
  "min": -42.946380615234375,
  "max": 44.85866165161133
}