{
  "variable": "v_850",
  "min": -45.978816986083984,
  "max": 45.297367095947266
}