{
  "variable": "v_925",
  "min": -48.963260650634766,
  "max": 46.47029113769531
}