{
  "variable": "z_1000",
  "min": -6174.14306640625,
  "max": 4626.29248046875
}