{
  "variable": "z_100",
  "min": 138896.96875,
  "max": 166185.859375
}