{
  "variable": "z_200",
  "min": 99770.0390625,
  "max": 124194.9921875
}