{
  "variable": "z_50",
  "min": 176163.796875,
  "max": 208034.078125
}