{
  "variable": "z_600",
  "min": 31250.666015625,
  "max": 44824.03125
}