{
  "variable": "z_700",
  "min": 20248.556640625,
  "max": 32538.490234375
}