{
  "variable": "z_850",
  "min": 5940.1796875,
  "max": 17029.005859375
}