{
  "variable": "z_925",
  "min": -335.3440856933594,
  "max": 10393.962890625
}